{
  "step_qonnx_to_finn": 6.604194641113281e-05,
  "step_tidy_up": 0.07921314239501953,
  "step_streamline": 2.1235618591308594,
  "step_convert_to_hw": 0.03600955009460449,
  "step_create_dataflow_partition": 0.009259462356567383,
  "step_specialize_layers": 0.010327816009521484,
  "step_target_fps_parallelization": 0.013284683227539062,
  "step_apply_folding_config": 3.0994415283203125e-06,
  "step_minimize_bit_width": 0.04869222640991211,
  "step_generate_estimate_reports": 2.384185791015625e-06,
  "step_hw_codegen": 3.5748040676116943,
  "step_hw_ipgen": 138.85600352287292,
  "step_set_fifo_depths": 161.08686447143555,
  "step_create_stitched_ip": 120.24654984474182,
  "step_measure_rtlsim_performance": 17.380370140075684,
  "step_out_of_context_synthesis": 351.82298040390015,
  "step_synthesize_bitfile": 5.7220458984375e-06,
  "step_make_pynq_driver": 5.9604644775390625e-06,
  "step_deployment_package": 4.76837158203125e-06
}