{
  "step_qonnx_to_finn": 7.891654968261719e-05,
  "step_tidy_up": 0.041977643966674805,
  "step_streamline": 1.1080806255340576,
  "step_convert_to_hw": 0.028351545333862305,
  "step_create_dataflow_partition": 0.0070400238037109375,
  "step_specialize_layers": 0.007705211639404297,
  "step_target_fps_parallelization": 0.010461568832397461,
  "step_apply_folding_config": 4.291534423828125e-06,
  "step_minimize_bit_width": 0.025020599365234375,
  "step_generate_estimate_reports": 3.814697265625e-06,
  "step_hw_codegen": 1.6480774879455566,
  "step_hw_ipgen": 75.75635814666748,
  "step_set_fifo_depths": 84.13728165626526,
  "step_create_stitched_ip": 80.1003155708313,
  "step_measure_rtlsim_performance": 9.367581605911255,
  "step_out_of_context_synthesis": 232.7059600353241,
  "step_synthesize_bitfile": 5.0067901611328125e-06,
  "step_make_pynq_driver": 2.6226043701171875e-06,
  "step_deployment_package": 4.5299530029296875e-06
}