{
  "step_qonnx_to_finn": 3.266334533691406e-05,
  "step_tidy_up": 0.03252458572387695,
  "step_streamline": 1.0098521709442139,
  "step_convert_to_hw": 0.018271207809448242,
  "step_create_dataflow_partition": 0.004529476165771484,
  "step_specialize_layers": 0.004939556121826172,
  "step_target_fps_parallelization": 0.006193876266479492,
  "step_apply_folding_config": 3.0994415283203125e-06,
  "step_minimize_bit_width": 0.022862672805786133,
  "step_generate_estimate_reports": 2.86102294921875e-06,
  "step_hw_codegen": 1.0269324779510498,
  "step_hw_ipgen": 59.50703406333923,
  "step_set_fifo_depths": 46.999605655670166,
  "step_create_stitched_ip": 34.79007267951965,
  "step_measure_rtlsim_performance": 7.529772043228149,
  "step_out_of_context_synthesis": 159.4893400669098,
  "step_synthesize_bitfile": 2.6226043701171875e-06,
  "step_make_pynq_driver": 1.9073486328125e-06,
  "step_deployment_package": 1.6689300537109375e-06
}