{
  "step_qonnx_to_finn": 0.00011777877807617188,
  "step_tidy_up": 0.08678317070007324,
  "step_streamline": 2.2111425399780273,
  "step_convert_to_hw": 0.04099774360656738,
  "step_create_dataflow_partition": 0.00995016098022461,
  "step_specialize_layers": 0.011079549789428711,
  "step_target_fps_parallelization": 0.015070915222167969,
  "step_apply_folding_config": 4.0531158447265625e-06,
  "step_minimize_bit_width": 0.05459880828857422,
  "step_generate_estimate_reports": 0.04924511909484863
}