{
  "vivado_proj_folder": "/tmp/finn_dev_root/synth_out_of_context_08tcfpg6/results_finn_design_wrapper",
  "LUT": 11016.0,
  "LUTRAM": 1620.0,
  "FF": 10441.0,
  "DSP": 0.0,
  "BRAM": 28.0,
  "BRAM_18K": 8.0,
  "BRAM_36K": 24.0,
  "URAM": 0.0,
  "Carry": 724.0,
  "WNS": 2.256,
  "Delay": 2.256,
  "vivado_version": 2024.2,
  "vivado_build_no": 5239630.0,
  "": 0,
  "fmax_mhz": 102.6272577996716,
  "estimated_throughput_fps": 112.45590379100547
}