{
  "N_IN_TXNS": 4096,
  "N_OUT_TXNS": 1,
  "cycles": 978993,
  "N": 1,
  "latency_cycles": 978993,
  "runtime[ms]": 11.747916,
  "throughput[images/s]": 85.1214802693516,
  "fclk[mhz]": 83.33333333333333,
  "stable_throughput[images/s]": 85.1214802693516
}