{
  "N_IN_TXNS": 4096,
  "N_OUT_TXNS": 1,
  "cycles": 1326198,
  "N": 1,
  "latency_cycles": 1326198,
  "runtime[ms]": 15.914376,
  "throughput[images/s]": 62.83626828975261,
  "fclk[mhz]": 83.33333333333333,
  "stable_throughput[images/s]": 62.83626828975261
}